Mon-Yr,CA,Alameda,Contra-Costa,Marin,Napa,San Francisco,San Mateo,Santa Clara,Solano,Sonoma,S.F. Bay Area,Year
Jan-90,"$194,952 ","$226,149 ",NA,"$346,153 ","$178,888 ","$287,499 ",NA,"$271,840 ",NA,"$174,022 ","$227,366 ",1990
Feb-90,"$196,273 ","$219,306 ",NA,"$338,333 ","$186,363 ","$300,877 ",NA,"$273,100 ",NA,"$180,294 ","$234,739 ",1990
Mar-90,"$194,856 ","$225,162 ",NA,"$358,571 ","$180,000 ","$290,151 ",NA,"$275,500 ",NA,"$178,823 ","$235,337 ",1990
Apr-90,"$196,111 ","$229,333 ",NA,"$359,574 ","$158,571 ","$288,725 ",NA,"$274,660 ",NA,"$184,117 ","$233,178 ",1990
May-90,"$195,281 ","$232,291 ",NA,"$374,999 ","$187,692 ","$282,626 ",NA,"$266,670 ",NA,"$185,844 ","$235,881 ",1990
Jun-90,"$194,410 ","$231,250 ",NA,"$394,185 ","$177,332 ","$305,738 ",NA,"$276,960 ",NA,"$185,333 ","$240,386 ",1990
Jul-90,"$193,088 ","$232,916 ",NA,"$357,291 ","$184,166 ","$296,195 ",NA,"$273,600 ",NA,"$185,333 ","$241,503 ",1990
Aug-90,"$192,180 ","$228,467 ",NA,"$365,217 ","$172,499 ","$284,523 ",NA,"$273,340 ",NA,"$180,270 ","$237,727 ",1990
Sep-90,"$189,979 ","$225,000 ",NA,"$337,500 ","$177,499 ","$278,301 ",NA,"$258,060 ",NA,"$182,308 ","$225,569 ",1990
Oct-90,"$187,630 ","$221,093 ",NA,"$351,851 ","$197,777 ","$272,500 ",NA,"$253,470 ",NA,"$183,414 ","$227,917 ",1990
Nov-90,"$192,020 ","$226,126 ",NA,"$330,000 ","$189,090 ","$281,249 ",NA,"$257,450 ",NA,"$178,153 ","$229,791 ",1990
Dec-90,"$190,375 ","$218,161 ",NA,"$325,000 ","$185,000 ","$272,777 ",NA,"$254,720 ",NA,"$174,615 ","$222,261 ",1990
Jan-91,"$192,054 ","$216,532 ",NA,"$313,461 ","$168,333 ","$270,161 ","$328,889 ","$247,250 ",NA,"$178,461 ","$225,892 ",1991
Feb-91,"$194,806 ","$222,896 ",NA,"$312,500 ","$170,000 ","$270,714 ","$285,256 ","$243,870 ",NA,"$182,857 ","$226,188 ",1991
Mar-91,"$202,666 ","$221,768 ",NA,"$350,000 ","$165,555 ","$268,055 ","$317,910 ","$248,560 ",NA,"$183,469 ","$229,262 ",1991
Apr-91,"$207,718 ","$233,192 ",NA,"$341,666 ","$185,000 ","$279,941 ","$319,101 ","$262,460 ",NA,"$179,195 ","$231,764 ",1991
May-91,"$211,001 ","$239,885 ",NA,"$346,938 ","$181,000 ","$280,319 ","$333,474 ","$268,780 ",NA,"$184,038 ","$244,494 ",1991
Jun-91,"$206,722 ","$229,129 ",NA,"$367,021 ","$186,666 ","$291,666 ","$338,938 ","$277,450 ",NA,"$191,607 ","$242,687 ",1991
Jul-91,"$206,069 ","$234,042 ",NA,"$347,272 ","$187,272 ","$294,339 ","$334,183 ","$268,200 ",NA,"$191,304 ","$242,132 ",1991
Aug-91,"$200,340 ","$231,551 ",NA,"$350,000 ","$185,384 ","$286,499 ","$356,185 ","$267,250 ",NA,"$195,384 ","$234,388 ",1991
Sep-91,"$197,801 ","$224,811 ",NA,"$347,368 ","$210,000 ","$278,921 ","$327,118 ","$251,220 ",NA,"$196,666 ","$234,009 ",1991
Oct-91,"$196,021 ","$221,656 ",NA,"$342,307 ","$185,000 ","$275,862 ","$323,750 ","$250,000 ",NA,"$190,893 ","$231,509 ",1991
Nov-91,"$194,192 ","$221,098 ",NA,"$367,856 ","$200,000 ","$282,608 ","$331,666 ","$245,980 ",NA,"$190,513 ","$235,118 ",1991
Dec-91,"$199,452 ","$228,195 ",NA,"$355,882 ","$183,333 ","$279,310 ","$310,606 ","$256,250 ",NA,"$197,692 ","$232,916 ",1991
Jan-92,"$196,410 ","$212,500 ",NA,"$346,428 ","$188,571 ","$267,262 ","$300,000 ","$245,060 ",NA,"$193,548 ","$225,647 ",1992
Feb-92,"$198,220 ","$213,194 ",NA,"$293,478 ","$194,999 ","$268,750 ","$322,807 ","$243,370 ",NA,"$195,806 ","$229,372 ",1992
Mar-92,"$200,500 ","$222,837 ",NA,"$364,062 ","$200,000 ","$272,222 ","$326,190 ","$251,680 ",NA,"$198,666 ","$233,112 ",1992
Apr-92,"$198,700 ","$226,946 ",NA,"$315,454 ","$189,285 ","$281,418 ","$300,000 ","$254,670 ",NA,"$198,867 ","$231,791 ",1992
May-92,"$203,420 ","$221,220 ",NA,"$350,000 ","$185,000 ","$277,419 ","$324,609 ","$267,120 ",NA,"$205,063 ","$239,576 ",1992
Jun-92,"$199,460 ","$229,885 ",NA,"$342,045 ","$189,090 ","$288,207 ","$332,692 ","$256,010 ",NA,"$207,353 ","$238,395 ",1992
Jul-92,"$199,150 ","$222,153 ",NA,"$350,925 ","$203,125 ","$275,819 ","$336,315 ","$253,540 ",NA,"$195,686 ","$241,488 ",1992
Aug-92,"$194,670 ","$223,511 ",NA,"$369,736 ","$185,714 ","$279,166 ","$320,513 ","$242,810 ",NA,"$197,599 ","$236,352 ",1992
Sep-92,"$195,840 ","$219,496 ",NA,"$320,238 ","$186,666 ","$276,666 ","$316,316 ","$244,750 ",NA,"$198,490 ","$232,734 ",1992
Oct-92,"$194,000 ","$214,925 ",NA,"$333,333 ","$192,222 ","$265,151 ","$315,555 ","$243,530 ",NA,"$199,761 ","$232,589 ",1992
Nov-92,"$189,670 ","$217,514 ",NA,"$330,909 ","$188,333 ","$258,019 ","$323,500 ","$239,620 ",NA,"$195,000 ","$235,576 ",1992
Dec-92,"$193,330 ","$222,321 ",NA,"$338,000 ","$173,749 ","$258,807 ","$303,571 ","$253,130 ",NA,"$201,712 ","$230,941 ",1992
Jan-93,"$191,670 ","$209,583 ",NA,"$310,294 ","$177,999 ","$258,772 ","$312,903 ","$246,000 ",NA,"$194,411 ","$232,937 ",1993
Feb-93,"$187,440 ","$201,699 ",NA,"$323,333 ","$188,750 ","$251,667 ","$310,000 ","$242,240 ",NA,"$191,290 ","$226,438 ",1993
Mar-93,"$189,130 ","$216,313 ",NA,"$330,263 ","$174,999 ","$266,101 ","$313,855 ","$243,510 ",NA,"$190,500 ","$230,008 ",1993
Apr-93,"$192,600 ","$219,999 ",NA,"$315,625 ","$185,000 ","$265,530 ","$306,044 ","$242,740 ",NA,"$195,365 ","$226,603 ",1993
May-93,"$188,850 ","$219,897 ",NA,"$333,750 ","$187,777 ","$258,846 ","$300,000 ","$243,450 ",NA,"$201,415 ","$233,741 ",1993
Jun-93,"$188,650 ","$228,279 ",NA,"$354,081 ","$194,285 ","$267,021 ","$306,604 ","$247,920 ",NA,"$203,731 ","$238,268 ",1993
Jul-93,"$190,540 ","$215,408 ",NA,"$332,291 ","$187,143 ","$259,052 ","$296,950 ","$256,250 ",NA,"$201,235 ","$233,734 ",1993
Aug-93,"$189,010 ","$223,888 ",NA,"$342,727 ","$177,332 ","$259,052 ","$304,255 ","$250,630 ",NA,"$199,564 ","$233,881 ",1993
Sep-93,"$186,740 ","$212,005 ",NA,"$340,196 ","$186,250 ","$258,019 ","$315,464 ","$247,900 ",NA,"$192,941 ","$229,725 ",1993
Oct-93,"$185,920 ","$208,918 ",NA,"$334,782 ","$167,500 ","$262,500 ","$314,204 ","$242,250 ",NA,"$194,561 ","$228,931 ",1993
Nov-93,"$184,700 ","$215,714 ",NA,"$348,000 ","$182,500 ","$263,983 ","$296,785 ","$248,930 ",NA,"$193,333 ","$242,870 ",1993
Dec-93,"$184,980 ","$207,994 ",NA,"$324,166 ","$197,999 ","$265,384 ","$296,801 ","$249,360 ",NA,"$192,909 ","$230,708 ",1993
Jan-94,"$183,046 ","$207,822 ",NA,"$314,815 ","$188,888 ","$255,435 ","$320,454 ","$245,813 ","$148,000 ","$181,739 ","$231,829 ",1994
Feb-94,"$182,258 ","$204,389 ",NA,"$348,333 ","$178,420 ","$251,136 ","$291,249 ","$249,580 ","$137,726 ","$191,667 ","$234,173 ",1994
Mar-94,"$185,472 ","$209,117 ",NA,"$331,147 ","$180,000 ","$251,705 ","$333,593 ","$259,220 ","$158,461 ","$195,961 ","$241,769 ",1994
Apr-94,"$186,968 ","$217,890 ",NA,"$367,241 ","$178,332 ","$270,289 ","$316,270 ","$262,270 ","$139,354 ","$188,888 ","$241,086 ",1994
May-94,"$185,500 ","$205,494 ",NA,"$344,029 ","$197,142 ","$265,086 ","$308,333 ","$253,050 ","$146,666 ","$186,666 ","$236,686 ",1994
Jun-94,"$189,680 ","$216,705 ",NA,"$349,074 ","$192,857 ","$272,260 ","$318,085 ","$268,060 ","$156,922 ","$197,872 ","$250,809 ",1994
Jul-94,"$188,081 ","$205,912 ",NA,"$363,114 ","$225,000 ","$259,804 ","$323,333 ","$248,820 ","$163,043 ","$198,038 ","$242,173 ",1994
Aug-94,"$185,790 ","$203,947 ",NA,"$351,492 ","$187,272 ","$258,189 ","$324,272 ","$257,050 ",NA,"$193,000 ","$238,058 ",1994
Sep-94,"$185,158 ","$211,482 ",NA,"$341,509 ","$182,222 ","$257,954 ","$325,000 ","$257,520 ","$148,461 ","$197,391 ","$242,498 ",1994
Oct-94,"$181,862 ","$207,390 ",NA,"$335,294 ","$178,332 ","$247,856 ","$317,778 ","$248,580 ","$143,846 ","$196,666 ","$235,310 ",1994
Nov-94,"$180,907 ","$203,550 ",NA,"$352,777 ","$176,666 ","$252,419 ","$333,051 ","$245,330 ","$151,333 ","$198,444 ","$237,355 ",1994
Dec-94,"$177,421 ","$208,654 ",NA,"$351,041 ","$184,000 ","$261,734 ","$322,727 ","$249,540 ","$157,058 ","$193,958 ","$235,090 ",1994
Jan-95,"$177,200 ","$194,528 ",NA,"$340,384 ","$173,999 ","$261,666 ","$295,212 ","$238,994 ","$154,999 ","$204,268 ","$229,680 ",1995
Feb-95,"$172,974 ","$199,258 ",NA,"$334,091 ","$184,000 ","$257,692 ","$299,305 ","$255,000 ","$141,818 ","$190,769 ","$233,704 ",1995
Mar-95,"$175,274 ","$198,888 ",NA,"$325,641 ","$176,666 ","$259,375 ","$326,966 ","$246,539 ","$141,538 ","$198,157 ","$233,841 ",1995
Apr-95,"$176,768 ","$204,610 ",NA,"$339,473 ","$186,666 ","$264,796 ","$310,526 ","$248,205 ","$142,727 ","$197,499 ","$235,156 ",1995
May-95,"$176,448 ","$209,335 ",NA,"$341,176 ","$190,000 ","$255,102 ","$317,033 ","$248,926 ","$148,823 ","$195,365 ","$238,437 ",1995
Jun-95,"$180,649 ","$214,090 ",NA,"$345,967 ","$188,888 ","$277,403 ","$315,487 ","$268,037 ","$146,666 ","$196,111 ","$249,347 ",1995
Jul-95,"$180,253 ","$212,316 ",NA,"$356,122 ","$196,666 ","$268,055 ","$338,709 ","$256,457 ","$136,874 ","$194,687 ","$246,981 ",1995
Aug-95,"$182,467 ","$211,904 ",NA,"$368,548 ","$177,499 ","$269,186 ","$329,213 ","$265,624 ","$142,500 ","$196,599 ","$250,108 ",1995
Sep-95,"$180,529 ","$210,893 ",NA,"$350,000 ","$200,000 ","$267,222 ","$330,107 ","$261,363 ","$143,000 ","$197,999 ","$242,043 ",1995
Oct-95,"$175,861 ","$207,414 ",NA,"$333,673 ","$177,856 ","$245,634 ","$320,536 ","$254,167 ","$143,333 ","$196,922 ","$239,132 ",1995
Nov-95,"$176,203 ","$206,743 ",NA,"$325,000 ","$174,999 ","$267,262 ","$314,674 ","$261,718 ","$138,181 ","$184,883 ","$242,628 ",1995
Dec-95,"$175,372 ","$204,362 ",NA,"$353,658 ","$198,332 ","$256,522 ","$301,075 ","$253,080 ","$136,666 ","$193,750 ","$230,719 ",1995
Jan-96,"$174,859 ","$201,739 ",NA,"$333,333 ","$185,000 ","$270,833 ","$322,656 ","$254,942 ","$143,750 ","$189,564 ","$234,300 ",1996
Feb-96,"$170,860 ","$205,250 ",NA,"$340,322 ","$170,000 ","$263,281 ","$300,000 ","$248,676 ","$141,500 ","$201,219 ","$236,323 ",1996
Mar-96,"$175,975 ","$208,046 ",NA,"$361,538 ","$180,000 ","$266,279 ","$323,762 ","$268,156 ","$137,499 ","$198,386 ","$243,036 ",1996
Apr-96,"$178,536 ","$210,130 ",NA,"$368,749 ","$171,538 ","$284,848 ","$329,060 ","$266,319 ","$137,618 ","$184,528 ","$242,764 ",1996
May-96,"$179,095 ","$213,709 ",NA,"$376,414 ","$175,293 ","$281,122 ","$333,620 ","$275,814 ","$134,193 ","$190,000 ","$253,801 ",1996
Jun-96,"$181,191 ","$213,414 ",NA,"$390,322 ","$173,333 ","$275,000 ","$339,097 ","$279,942 ","$137,618 ","$188,333 ","$255,589 ",1996
Jul-96,"$182,416 ","$222,612 ",NA,"$377,026 ","$225,000 ","$270,339 ","$350,000 ","$290,932 ","$149,583 ","$185,714 ","$260,973 ",1996
Aug-96,"$180,825 ","$218,452 ",NA,"$360,605 ","$192,222 ","$271,428 ","$347,482 ","$275,146 ","$137,646 ","$185,454 ","$251,066 ",1996
Sep-96,"$179,740 ","$218,251 ",NA,"$354,651 ","$201,471 ","$272,857 ","$333,898 ","$271,318 ","$123,182 ","$190,798 ","$248,322 ",1996
Oct-96,"$174,454 ","$220,375 ",NA,"$355,172 ","$180,000 ","$255,102 ","$339,899 ","$275,510 ","$132,666 ","$185,434 ","$246,513 ",1996
Nov-96,"$175,495 ","$216,186 ",NA,"$363,953 ","$182,000 ","$270,833 ","$337,912 ","$281,801 ","$135,714 ","$181,316 ","$251,422 ",1996
Dec-96,"$171,940 ","$211,695 ",NA,"$359,183 ","$178,888 ","$276,171 ","$330,000 ","$281,207 ","$128,666 ","$174,722 ","$242,082 ",1996
Jan-97,"$175,625 ","$213,461 ",NA,"$358,163 ","$194,999 ","$262,778 ","$332,203 ","$283,654 ","$130,000 ","$187,674 ","$248,804 ",1997
Feb-97,"$167,790 ","$206,818 ",NA,"$320,000 ","$170,000 ","$271,052 ","$333,606 ","$283,333 ","$123,333 ","$186,799 ","$247,709 ",1997
Mar-97,"$177,735 ","$207,143 ",NA,"$376,470 ","$186,250 ","$281,632 ","$341,579 ","$292,024 ","$130,624 ","$186,190 ","$254,108 ",1997
Apr-97,"$181,218 ","$230,023 ",NA,"$384,425 ","$203,947 ","$280,208 ","$357,657 ","$315,517 ","$131,499 ","$199,428 ","$262,660 ",1997
May-97,"$185,010 ","$230,387 ",NA,"$403,509 ","$228,947 ","$284,648 ","$341,579 ","$292,024 ","$139,564 ","$198,048 ","$263,428 ",1997
Jun-97,"$188,801 ","$231,725 ",NA,"$384,166 ","$201,923 ","$285,999 ","$395,917 ","$318,801 ","$134,605 ","$196,136 ","$275,816 ",1997
Jul-97,"$190,625 ","$240,294 ",NA,"$380,898 ","$199,230 ","$295,672 ","$398,514 ","$326,587 ","$138,860 ","$204,611 ","$281,022 ",1997
Aug-97,"$191,856 ","$234,529 ",NA,"$378,915 ","$211,666 ","$315,942 ","$395,412 ","$329,303 ","$137,646 ","$192,553 ","$279,090 ",1997
Sep-97,"$191,600 ","$234,023 ",NA,"$383,087 ","$208,333 ","$305,634 ","$384,374 ","$327,947 ","$141,481 ","$195,645 ","$276,504 ",1997
Oct-97,"$189,283 ","$239,244 ",NA,"$395,521 ","$177,646 ","$293,283 ","$377,458 ","$330,678 ","$138,643 ","$194,444 ","$278,682 ",1997
Nov-97,"$190,763 ","$239,999 ",NA,"$378,905 ","$199,166 ","$314,286 ","$393,670 ","$329,108 ","$143,077 ","$190,816 ","$283,094 ",1997
Dec-97,"$186,555 ","$234,375 ",NA,"$384,677 ","$211,363 ","$335,294 ","$401,974 ","$341,365 ","$137,718 ","$190,192 ","$276,105 ",1997
Jan-98,"$188,094 ","$229,687 ",NA,"$371,621 ","$210,714 ","$302,586 ","$406,863 ","$326,666 ","$133,508 ","$206,818 ","$279,464 ",1998
Feb-98,"$183,898 ","$234,772 ",NA,"$387,777 ","$216,071 ","$304,167 ","$397,580 ","$322,988 ","$137,499 ","$199,696 ","$280,105 ",1998
Mar-98,"$193,909 ","$239,595 ",NA,"$405,769 ","$210,000 ","$306,849 ","$414,084 ","$351,158 ","$147,272 ","$201,136 ","$290,126 ",1998
Apr-98,"$198,252 ","$259,606 ",NA,"$429,166 ","$207,353 ","$348,765 ","$432,857 ","$371,575 ","$139,305 ","$202,631 ","$297,473 ",1998
May-98,"$202,956 ","$255,440 ",NA,"$425,000 ","$213,636 ","$358,426 ","$424,038 ","$378,548 ","$147,500 ","$218,499 ","$307,756 ",1998
Jun-98,"$209,003 ","$267,806 ",NA,"$429,411 ","$209,524 ","$331,034 ","$449,504 ","$383,870 ","$157,499 ","$227,614 ","$316,038 ",1998
Jul-98,"$210,831 ","$267,601 ",NA,"$458,181 ","$222,727 ","$356,521 ","$451,428 ","$380,781 ","$153,606 ","$225,000 ","$315,554 ",1998
Aug-98,"$207,780 ","$263,517 ",NA,"$422,093 ","$143,000 ","$341,145 ","$425,000 ","$373,300 ","$146,808 ","$224,205 ","$304,949 ",1998
Sep-98,"$202,138 ","$257,258 ",NA,"$456,818 ","$228,571 ","$339,423 ","$427,472 ","$366,547 ","$149,629 ","$221,897 ","$305,275 ",1998
Oct-98,"$194,961 ","$261,234 ",NA,"$436,904 ","$219,000 ","$335,344 ","$400,602 ","$356,985 ","$150,666 ","$220,057 ","$301,648 ",1998
Nov-98,"$197,058 ","$253,846 ",NA,"$438,571 ","$214,285 ","$355,101 ","$410,000 ","$354,498 ","$156,551 ","$225,231 ","$301,193 ",1998
Dec-98,"$198,121 ","$253,846 ",NA,"$417,442 ","$218,181 ","$349,561 ","$417,895 ","$369,969 ","$146,785 ","$222,876 ","$308,413 ",1998
Jan-99,"$202,201 ","$248,195 ",NA,"$445,000 ","$218,750 ","$344,303 ","$425,000 ","$350,000 ","$146,400 ","$224,350 ","$307,986 ",1999
Feb-99,"$197,870 ","$245,121 ",NA,"$469,999 ","$212,500 ","$340,833 ","$450,000 ","$353,000 ","$150,363 ","$232,187 ","$307,462 ",1999
Mar-99,"$212,330 ","$272,404 ",NA,"$467,441 ","$233,823 ","$372,825 ","$453,750 ","$383,750 ","$150,405 ","$235,747 ","$336,142 ",1999
Apr-99,"$216,490 ","$290,334 ",NA,"$526,562 ","$246,153 ","$382,473 ","$476,500 ","$394,875 ","$161,250 ","$244,642 ","$345,251 ",1999
May-99,"$220,410 ","$301,751 ",NA,"$553,571 ","$235,714 ","$387,999 ","$490,000 ","$395,000 ","$159,058 ","$249,144 ","$352,499 ",1999
Jun-99,"$224,678 ","$313,474 ",NA,"$532,738 ","$251,316 ","$431,579 ","$510,000 ","$410,000 ","$165,692 ","$260,126 ","$367,106 ",1999
Jul-99,"$220,529 ","$313,182 ",NA,"$544,753 ","$300,000 ","$410,145 ","$500,000 ","$409,000 ","$160,893 ","$256,183 ","$363,406 ",1999
Aug-99,"$224,195 ","$313,481 ",NA,"$545,454 ","$248,484 ","$398,112 ","$479,900 ","$415,000 ","$161,286 ","$259,091 ","$359,377 ",1999
9/1/1999,"$218,713 ","$285,163 ",NA,"$491,509 ","$269,230 ","$396,874 ","$460,000 ","$411,500 ","$160,937 ","$260,277 ","$352,872 ",1999
Oct-99,"$215,822 ","$312,879 ",NA,"$544,520 ","$260,000 ","$387,984 ","$479,000 ","$395,000 ","$163,461 ","$255,000 ","$358,007 ",1999
Nov-99,"$218,537 ","$302,842 ",NA,"$531,780 ","$281,818 ","$426,530 ","$463,500 ","$416,450 ","$167,818 ","$265,882 ","$354,236 ",1999
Dec-99,"$225,264 ","$292,804 ",NA,"$571,428 ","$289,999 ","$434,091 ","$488,000 ","$425,000 ","$162,453 ","$262,353 ","$357,885 ",1999
Jan-00,"$226,870 ","$323,795 ",NA,"$595,588 ","$270,833 ","$420,213 ","$534,500 ","$435,000 ","$167,561 ","$270,652 ","$377,046 ",2000
Feb-00,"$227,155 ","$327,747 ",NA,"$645,220 ","$270,000 ","$458,999 ","$533,000 ","$463,250 ","$171,333 ","$279,591 ","$388,192 ",2000
Mar-00,"$233,138 ","$348,034 ",NA,"$644,480 ","$297,058 ","$482,786 ","$624,444 ","$522,000 ","$184,418 ","$284,473 ","$422,563 ",2000
Apr-00,"$237,057 ","$371,064 ",NA,"$634,656 ","$284,374 ","$538,732 ","$650,000 ","$555,444 ","$180,545 ","$292,696 ","$445,103 ",2000
May-00,"$240,467 ","$369,383 ",NA,"$675,403 ","$317,742 ","$549,157 ","$650,000 ","$528,000 ","$191,128 ","$318,981 ","$444,900 ",2000
Jun-00,"$243,102 ","$391,288 ",NA,"$638,297 ","$297,221 ","$576,823 ","$575,000 ","$540,000 ","$195,151 ","$338,194 ","$450,785 ",2000
Jul-00,"$242,097 ","$372,433 ",NA,"$647,727 ","$298,332 ","$489,024 ","$595,000 ","$545,000 ","$196,490 ","$318,333 ","$442,082 ",2000
Aug-00,"$254,686 ","$359,120 ",NA,"$632,978 ","$295,832 ","$523,196 ","$602,000 ","$520,000 ","$203,306 ","$328,214 ","$440,087 ",2000
Sep-00,"$246,533 ","$361,250 ",NA,"$626,811 ","$334,091 ","$479,729 ","$586,000 ","$500,000 ","$202,083 ","$344,444 ","$431,832 ",2000
Oct-00,"$251,217 ","$393,343 ",NA,"$638,157 ","$314,815 ","$513,095 ","$620,000 ","$526,950 ","$208,863 ","$334,252 ","$447,459 ",2000
Nov-00,"$250,662 ","$406,364 ",NA,"$660,156 ","$322,916 ","$558,219 ","$585,000 ","$548,250 ","$208,219 ","$347,345 ","$464,236 ",2000
Dec-00,"$248,354 ","$410,952 ",NA,"$658,653 ","$300,000 ","$551,948 ","$625,000 ","$535,000 ","$208,854 ","$335,416 ","$452,396 ",2000
1-Jan,"$244,112 ","$391,303 ",NA,"$662,878 ","$335,294 ","$564,453 ","$649,950 ","$574,000 ","$211,956 ","$339,473 ","$453,991 ",2001
1-Feb,"$241,693 ","$400,962 ",NA,"$668,749 ","$301,923 ","$573,529 ","$671,000 ","$552,000 ","$223,287 ","$375,268 ","$466,938 ",2001
1-Mar,"$257,548 ","$421,542 ",NA,"$662,499 ","$315,000 ","$581,395 ","$612,500 ","$565,000 ","$229,279 ","$361,654 ","$473,912 ",2001
1-Apr,"$255,310 ","$426,373 ",NA,"$726,851 ","$326,000 ","$593,160 ","$595,000 ","$525,500 ","$240,089 ","$347,014 ","$463,207 ",2001
1-May,"$255,857 ","$394,444 ",NA,"$671,874 ","$355,263 ","$557,243 ","$589,000 ","$532,000 ","$235,688 ","$361,458 ","$461,369 ",2001
1-Jun,"$267,412 ","$405,389 ",NA,"$685,810 ","$329,032 ","$555,435 ","$584,500 ","$547,500 ","$240,584 ","$362,654 ","$473,139 ",2001
1-Jul,"$267,517 ","$404,872 ",NA,"$687,499 ","$304,762 ","$556,930 ","$591,000 ","$525,000 ","$244,160 ","$366,399 ","$468,331 ",2001
1-Aug,"$282,421 ","$408,836 ",NA,"$682,064 ","$342,647 ","$536,765 ","$575,000 ","$510,000 ","$245,129 ","$351,874 ","$462,573 ",2001
1-Sep,"$275,624 ","$385,210 ",NA,"$672,101 ","$384,090 ","$519,578 ","$571,000 ","$500,000 ","$244,564 ","$356,164 ","$449,405 ",2001
1-Oct,"$263,020 ","$388,753 ",NA,"$639,344 ","$325,000 ","$515,060 ","$582,000 ","$480,000 ","$237,194 ","$356,818 ","$441,176 ",2001
1-Nov,"$270,210 ","$389,887 ",NA,"$648,333 ","$371,428 ","$550,324 ","$569,500 ","$498,800 ","$233,514 ","$355,468 ","$452,263 ",2001
1-Dec,"$281,332 ","$394,957 ",NA,"$665,254 ","$337,931 ","$536,765 ","$574,950 ","$495,000 ","$243,181 ","$349,248 ","$452,474 ",2001
2-Jan,"$287,076 ","$390,576 ",NA,"$643,616 ","$343,750 ","$487,499 ","$570,000 ","$493,500 ","$239,822 ","$353,461 ","$449,052 ",2002
2-Feb,"$294,865 ","$405,181 ",NA,"$625,000 ","$335,714 ","$503,623 ","$575,000 ","$520,000 ","$241,666 ","$365,957 ","$464,169 ",2002
2-Mar,"$305,838 ","$403,448 ",NA,"$704,545 ","$351,020 ","$593,160 ","$612,500 ","$535,000 ","$250,926 ","$367,942 ","$485,311 ",2002
2-Apr,"$317,121 ","$455,749 ",NA,"$754,167 ","$365,999 ","$579,724 ","$641,000 ","$550,000 ","$260,271 ","$376,157 ","$499,835 ",2002
2-May,"$319,591 ","$447,773 ",NA,"$730,931 ","$389,188 ","$635,551 ","$645,000 ","$578,750 ","$267,835 ","$379,019 ","$509,243 ",2002
2-Jun,"$324,638 ","$471,222 ",NA,"$722,876 ","$424,193 ","$620,967 ","$629,000 ","$575,000 ","$273,046 ","$389,062 ","$525,163 ",2002
2-Jul,"$321,903 ","$464,999 ",NA,"$744,844 ","$386,956 ","$614,436 ","$635,000 ","$560,000 ","$276,050 ","$389,582 ","$505,598 ",2002
2-Aug,"$334,273 ","$460,958 ",NA,"$730,669 ","$388,775 ","$594,890 ","$655,000 ","$540,000 ","$277,321 ","$392,561 ","$497,041 ",2002
2-Sep,"$322,452 ","$459,832 ",NA,"$728,895 ","$393,902 ","$597,098 ","$637,500 ","$550,000 ","$287,930 ","$386,538 ","$496,432 ",2002
2-Oct,"$324,672 ","$452,391 ",NA,"$730,654 ","$395,237 ","$610,294 ","$600,000 ","$535,000 ","$288,533 ","$381,531 ","$497,133 ",2002
2-Nov,"$328,440 ","$450,990 ",NA,"$743,242 ","$398,717 ","$616,228 ","$615,000 ","$530,000 ","$284,878 ","$381,614 ","$490,500 ",2002
2-Dec,"$338,836 ","$453,079 ",NA,"$668,631 ","$401,923 ","$588,235 ","$597,000 ","$532,750 ","$287,294 ","$382,376 ","$489,502 ",2002
3-Jan,"$336,212 ","$441,025 ",NA,"$679,824 ","$462,499 ","$596,649 ","$597,500 ","$510,000 ","$279,064 ","$394,656 ","$481,997 ",2003
3-Feb,"$326,645 ","$439,080 ",NA,"$704,860 ","$410,714 ","$613,013 ","$620,750 ","$535,000 ","$291,413 ","$392,085 ","$485,225 ",2003
3-Mar,"$351,130 ","$471,632 ",NA,"$716,953 ","$440,384 ","$613,189 ","$631,000 ","$544,500 ","$297,767 ","$394,750 ","$510,135 ",2003
3-Apr,"$364,040 ","$471,715 ",NA,"$739,077 ","$482,608 ","$633,870 ","$634,000 ","$540,000 ","$294,424 ","$409,052 ","$532,729 ",2003
3-May,"$367,630 ","$471,005 ",NA,"$703,512 ","$437,037 ","$637,907 ","$650,000 ","$540,000 ","$312,258 ","$423,809 ","$529,456 ",2003
3-Jun,"$374,530 ","$488,474 ",NA,"$747,158 ","$453,703 ","$632,867 ","$680,000 ","$562,000 ","$299,846 ","$440,728 ","$552,430 ",2003
3-Jul,"$381,940 ","$486,363 ",NA,"$772,059 ","$457,692 ","$647,222 ","$663,000 ","$549,000 ","$315,714 ","$436,690 ","$544,325 ",2003
3-Aug,"$406,140 ","$483,883 ",NA,"$741,141 ","$486,206 ","$642,857 ","$645,000 ","$560,000 ","$325,926 ","$436,410 ","$550,974 ",2003
3-Sep,"$384,690 ","$483,461 ",NA,"$747,663 ","$488,234 ","$629,629 ","$659,000 ","$550,000 ","$328,385 ","$438,636 ","$546,231 ",2003
3-Oct,"$379,120 ","$478,347 ",NA,"$732,797 ","$474,999 ","$652,127 ","$645,000 ","$559,000 ","$329,577 ","$431,286 ","$545,371 ",2003
3-Nov,"$384,470 ","$485,191 ",NA,"$750,000 ","$483,928 ","$648,611 ","$665,000 ","$556,000 ","$334,892 ","$449,159 ","$556,979 ",2003
3-Dec,"$401,720 ","$491,495 ",NA,"$810,484 ","$458,064 ","$671,052 ","$675,900 ","$565,000 ","$330,625 ","$456,578 ","$564,310 ",2003
4-Jan,"$404,460 ","$489,603 ",NA,"$741,802 ","$457,142 ","$648,674 ","$675,000 ","$555,000 ","$338,181 ","$454,799 ","$552,699 ",2004
4-Feb,"$391,550 ","$530,746 ",NA,"$765,625 ","$469,444 ","$671,195 ","$690,000 ","$565,000 ","$341,481 ","$455,462 ","$577,193 ",2004
4-Mar,"$428,060 ","$528,871 ",NA,"$828,629 ","$492,707 ","$700,330 ","$725,000 ","$620,000 ","$355,235 ","$474,999 ","$601,622 ",2004
4-Apr,"$452,680 ","$558,392 ",NA,"$862,500 ","$533,784 ","$707,010 ","$745,000 ","$615,500 ","$363,348 ","$493,406 ","$622,219 ",2004
4-May,"$463,320 ","$591,700 ",NA,"$887,867 ","$557,065 ","$704,662 ","$765,000 ","$630,500 ","$378,347 ","$489,901 ","$634,295 ",2004
4-Jun,"$468,050 ","$589,285 ",NA,"$902,912 ","$566,666 ","$745,901 ","$799,000 ","$639,900 ","$378,490 ","$509,239 ","$642,459 ",2004
4-Jul,"$461,760 ","$595,273 ",NA,"$879,120 ","$541,667 ","$720,121 ","$770,000 ","$637,750 ","$386,770 ","$513,889 ","$637,812 ",2004
4-Aug,"$473,520 ","$586,409 ",NA,"$899,350 ","$562,500 ","$733,107 ","$772,500 ","$623,000 ","$391,110 ","$518,365 ","$633,234 ",2004
4-Sep,"$463,630 ","$590,576 ",NA,"$875,000 ","$518,229 ","$695,833 ","$749,500 ","$629,000 ","$400,376 ","$523,750 ","$630,555 ",2004
4-Oct,"$459,530 ","$604,464 ",NA,"$850,329 ","$577,830 ","$731,756 ","$760,000 ","$634,000 ","$405,118 ","$524,884 ","$637,546 ",2004
4-Nov,"$471,980 ","$599,397 ",NA,"$923,386 ","$602,500 ","$732,142 ","$779,000 ","$642,000 ","$406,154 ","$537,915 ","$647,707 ",2004
4-Dec,"$474,270 ","$604,392 ",NA,"$894,927 ","$606,854 ","$745,659 ","$788,888 ","$660,000 ","$397,467 ","$566,250 ","$648,550 ",2004
5-Jan,"$484,580 ","$584,360 ",NA,"$949,073 ","$582,386 ","$765,625 ","$783,500 ","$659,750 ","$410,417 ","$558,493 ","$630,640 ",2005
5-Feb,"$470,920 ","$619,320 ",NA,"$958,333 ","$641,304 ","$850,000 ","$827,500 ","$700,900 ","$420,874 ","$591,783 ","$650,140 ",2005
5-Mar,"$496,890 ","$649,200 ",NA,"$1,002,232 ","$634,999 ","$883,823 ","$890,000 ","$730,000 ","$427,852 ","$604,395 ","$675,970 ",2005
5-Apr,"$510,400 ","$659,260 ",NA,"$972,058 ","$639,705 ","$891,509 ","$921,000 ","$750,000 ","$442,944 ","$619,869 ","$697,900 ",2005
5-May,"$522,530 ","$665,320 ",NA,"$970,929 ","$641,790 ","$927,499 ","$880,500 ","$735,500 ","$465,853 ","$630,852 ","$694,910 ",2005
5-Jun,"$542,330 ","$681,540 ",NA,"$1,040,816 ","$668,478 ","$903,153 ","$895,000 ","$750,500 ","$474,752 ","$645,944 ","$710,410 ",2005
5-Jul,"$539,840 ","$678,650 ",NA,"$1,006,410 ","$695,422 ","$894,230 ","$878,000 ","$749,000 ","$473,999 ","$644,292 ","$701,680 ",2005
5-Aug,"$567,320 ","$676,080 ",NA,"$994,047 ","$669,752 ","$866,304 ","$885,000 ","$753,000 ","$479,556 ","$648,026 ","$702,450 ",2005
5-Sep,"$543,510 ","$666,730 ",NA,"$943,313 ","$695,454 ","$828,883 ","$862,500 ","$730,000 ","$474,882 ","$641,288 ","$685,880 ",2005
5-Oct,"$537,930 ","$665,100 ",NA,"$958,333 ","$652,272 ","$891,581 ","$860,000 ","$739,500 ","$479,320 ","$637,881 ","$693,880 ",2005
5-Nov,"$547,870 ","$671,490 ",NA,"$941,531 ","$651,442 ","$837,378 ","$850,000 ","$740,000 ","$483,177 ","$627,349 ","$696,670 ",2005
5-Dec,"$547,400 ","$663,480 ",NA,"$978,722 ","$662,499 ","$855,855 ","$824,000 ","$730,000 ","$480,081 ","$620,752 ","$685,030 ",2005
6-Jan,"$549,460 ","$645,600 ","$614,020 ","$932,926 ","$699,218 ","$872,596 ","$849,000 ","$740,000 ","$478,408 ","$650,326 ","$684,590 ",2006
6-Feb,"$534,400 ","$663,950 ","$614,850 ","$945,312 ","$661,290 ","$855,603 ","$850,000 ","$764,000 ","$472,471 ","$588,190 ","$683,040 ",2006
6-Mar,"$562,130 ","$663,640 ","$640,450 ","$1,007,576 ","$687,499 ","$886,764 ","$875,000 ","$760,000 ","$476,509 ","$619,897 ","$700,830 ",2006
6-Apr,"$562,820 ","$686,820 ","$631,360 ","$985,074 ","$696,808 ","$907,966 ","$885,000 ","$770,000 ","$483,593 ","$639,217 ","$717,010 ",2006
6-May,"$563,860 ","$682,690 ","$652,050 ","$954,999 ","$661,458 ","$928,191 ","$900,000 ","$795,000 ","$479,860 ","$645,555 ","$724,420 ",2006
6-Jun,"$575,850 ","$685,580 ","$671,320 ","$1,052,778 ","$691,489 ","$900,442 ","$925,000 ","$813,000 ","$492,799 ","$638,319 ","$735,410 ",2006
6-Jul,"$567,860 ","$677,310 ","$657,420 ","$950,892 ","$710,226 ","$899,725 ","$865,500 ","$800,000 ","$480,952 ","$633,426 ","$729,440 ",2006
6-Aug,"$577,300 ","$673,460 ","$643,320 ","$967,187 ","$729,166 ","$861,111 ","$850,000 ","$765,750 ","$469,202 ","$612,222 ","$709,550 ",2006
6-Sep,"$557,150 ","$659,110 ","$620,700 ","$926,339 ","$651,595 ","$864,361 ","$829,000 ","$769,105 ","$472,684 ","$617,268 ","$694,130 ",2006
6-Oct,"$552,020 ","$658,650 ","$605,630 ","$958,333 ","$664,062 ","$876,524 ","$850,000 ","$775,000 ","$478,999 ","$585,691 ","$698,510 ",2006
6-Nov,"$555,280 ","$643,840 ","$632,100 ","$941,964 ","$679,347 ","$872,058 ","$878,000 ","$769,999 ","$465,624 ","$615,517 ","$698,770 ",2006
6-Dec,"$569,560 ","$659,040 ","$602,650 ","$934,090 ","$619,186 ","$849,719 ","$829,000 ","$735,000 ","$457,954 ","$614,884 ","$685,720 ",2006
7-Jan,"$551,220 ","$651,220 ","$624,340 ","$987,499 ","$654,166 ","$834,183 ","$850,000 ","$738,000 ","$462,962 ","$584,635 ","$683,400 ",2007
7-Feb,"$554,280 ","$655,090 ","$634,520 ","$963,414 ","$685,184 ","$888,297 ","$860,000 ","$788,000 ","$446,491 ","$589,285 ","$703,120 ",2007
7-Mar,"$582,930 ","$684,310 ","$649,460 ","$1,015,625 ","$705,882 ","$902,083 ","$912,500 ","$829,000 ","$446,835 ","$590,764 ","$725,650 ",2007
7-Apr,"$594,110 ","$692,900 ","$669,980 ","$1,115,853 ","$722,221 ","$926,369 ","$975,000 ","$865,000 ","$448,507 ","$608,739 ","$777,360 ",2007
7-May,"$594,530 ","$709,420 ","$698,420 ","$1,032,895 ","$659,090 ","$972,014 ","$950,000 ","$855,000 ","$458,695 ","$616,438 ","$789,250 ",2007
7-Jun,"$591,280 ","$694,780 ","$683,200 ","$1,149,390 ","$696,428 ","$950,703 ","$990,000 ","$865,000 ","$438,571 ","$629,058 ","$784,310 ",2007
7-Jul,"$587,560 ","$696,330 ","$685,650 ","$984,154 ","$704,545 ","$935,897 ","$1,002,000 ","$852,500 ","$446,825 ","$596,456 ","$779,210 ",2007
7-Aug,"$588,670 ","$703,180 ","$649,860 ","$1,064,285 ","$673,386 ","$943,548 ","$945,000 ","$850,000 ","$417,347 ","$597,826 ","$757,560 ",2007
7-Sep,"$535,760 ","$662,560 ","$600,960 ","$1,019,231 ","$572,368 ","$891,826 ","$908,717 ","$845,000 ","$407,692 ","$580,592 ","$724,070 ",2007
7-Oct,"$501,730 ","$658,420 ","$569,890 ","$1,023,809 ","$640,624 ","$913,043 ","$1,020,000 ","$865,000 ","$379,629 ","$527,397 ","$738,870 ",2007
7-Nov,"$490,511 ","$659,550 ","$530,900 ","$1,039,773 ","$618,750 ","$953,124 ","$900,000 ","$850,500 ","$371,428 ","$503,846 ","$721,430 ",2007
7-Dec,"$480,820 ","$616,220 ","$491,180 ","$951,922 ","$557,692 ","$856,770 ","$875,000 ","$797,000 ","$372,656 ","$477,083 ","$667,380 ",2007
8-Jan,"$427,200 ","$561,360 ","$476,610 ","$1,062,500 ","$500,000 ","$921,296 ","$875,000 ","$750,000 ","$321,428 ","$510,870 ","$627,390 ",2008
8-Feb,"$418,260 ","$556,300 ","$432,890 ","$964,285 ","$569,444 ","$879,032 ","$910,950 ","$780,000 ","$338,793 ","$447,435 ","$623,310 ",2008
8-Mar,"$414,520 ","$569,370 ","$397,310 ","$944,444 ","$489,999 ","$930,232 ","$905,000 ","$810,000 ","$341,139 ","$450,000 ","$609,690 ",2008
8-Apr,"$404,590 ","$537,990 ","$385,310 ","$1,029,762 ","$492,104 ","$928,977 ","$872,500 ","$752,500 ","$327,358 ","$450,000 ","$589,980 ",2008
8-May,"$386,620 ","$528,890 ","$390,730 ","$1,120,370 ","$494,736 ","$908,928 ","$850,000 ","$769,650 ","$302,500 ","$436,781 ","$582,580 ",2008
8-Jun,"$373,100 ","$536,310 ","$368,260 ","$1,060,345 ","$452,941 ","$841,101 ","$880,750 ","$740,000 ","$302,752 ","$407,792 ","$560,050 ",2008
8-Jul,"$355,000 ","$526,000 ","$350,920 ","$1,016,304 ","$456,818 ","$876,712 ","$794,500 ","$706,500 ","$279,779 ","$396,483 ","$529,210 ",2008
8-Aug,"$352,730 ","$470,250 ","$320,050 ","$929,999 ","$455,882 ","$854,545 ","$787,500 ","$650,000 ","$267,592 ","$382,945 ","$481,460 ",2008
8-Sep,"$319,310 ","$427,040 ","$294,790 ","$899,390 ","$415,909 ","$788,043 ","$752,625 ","$600,000 ","$264,935 ","$362,773 ","$424,870 ",2008
8-Oct,"$307,210 ","$405,400 ","$281,820 ","$932,291 ","$419,047 ","$748,238 ","$713,688 ","$549,940 ","$250,641 ","$362,999 ","$404,190 ",2008
8-Nov,"$287,880 ","$390,270 ","$273,140 ","$869,318 ","$389,473 ","$747,726 ","$659,500 ","$515,000 ","$236,688 ","$336,725 ","$379,730 ",2008
8-Dec,"$283,060 ","$368,240 ","$253,790 ","$704,545 ","$393,477 ","$711,363 ","$600,000 ","$512,450 ","$217,941 ","$338,983 ","$359,910 ",2008
9-Jan,"$249,960 ","$324,170 ","$231,250 ","$778,409 ","$387,499 ","$635,638 ","$551,000 ","$450,000 ","$206,034 ","$326,000 ","$328,680 ",2009
9-Feb,"$245,230 ","$327,370 ","$224,620 ","$702,380 ","$318,182 ","$717,390 ","$562,500 ","$445,000 ","$204,779 ","$312,338 ","$321,110 ",2009
9-Mar,"$249,790 ","$316,440 ","$225,820 ","$699,999 ","$351,351 ","$703,124 ","$576,940 ","$448,750 ","$192,285 ","$330,952 ","$326,840 ",2009
9-Apr,"$253,110 ","$337,100 ","$235,030 ","$831,730 ","$350,000 ","$712,263 ","$610,000 ","$465,000 ","$185,769 ","$319,583 ","$346,940 ",2009
9-May,"$263,440 ","$374,850 ","$241,960 ","$712,499 ","$362,121 ","$765,306 ","$726,500 ","$490,000 ","$199,676 ","$352,550 ","$374,800 ",2009
9-Jun,"$274,640 ","$405,260 ","$261,840 ","$835,937 ","$385,713 ","$789,352 ","$756,250 ","$550,000 ","$193,269 ","$338,505 ","$411,590 ",2009
9-Jul,"$285,310 ","$397,460 ","$278,820 ","$762,500 ","$369,642 ","$786,972 ","$755,000 ","$587,000 ","$209,066 ","$365,966 ","$433,620 ",2009
9-Aug,"$293,400 ","$392,260 ","$276,030 ","$835,000 ","$337,096 ","$710,843 ","$672,500 ","$555,000 ","$210,577 ","$361,792 ","$411,270 ",2009
9-Sep,"$296,610 ","$432,440 ","$271,960 ","$804,166 ","$355,555 ","$736,666 ","$690,000 ","$553,000 ","$207,432 ","$352,586 ","$429,650 ",2009
9-Oct,"$297,500 ","$427,180 ","$295,440 ","$769,737 ","$377,272 ","$766,827 ","$702,000 ","$590,000 ","$203,297 ","$372,268 ","$441,150 ",2009
9-Nov,"$304,550 ","$431,980 ","$304,420 ","$727,272 ","$402,381 ","$815,476 ","$725,000 ","$605,000 ","$225,949 ","$365,908 ","$453,110 ",2009
9-Dec,"$306,860 ","$408,590 ","$294,440 ","$815,341 ","$364,999 ","$764,583 ","$750,000 ","$560,000 ","$222,074 ","$386,915 ","$437,100 ",2009
10-Jan,"$284,600 ","$383,330 ","$274,100 ","$729,166 ","$358,695 ","$696,428 ","$633,500 ","$525,000 ","$215,983 ","$365,822 ","$398,900 ",2010
10-Feb,"$278,190 ","$410,230 ","$278,350 ","$782,609 ","$336,842 ","$692,934 ","$655,000 ","$550,000 ","$204,297 ","$356,707 ","$416,500 ",2010
10-Mar,"$300,900 ","$432,720 ","$287,800 ","$790,625 ","$351,562 ","$799,528 ","$800,000 ","$590,000 ","$211,538 ","$359,047 ","$432,200 ",2010
10-Apr,"$307,000 ","$407,830 ","$298,850 ","$892,360 ","$343,750 ","$799,180 ","$750,000 ","$628,000 ","$211,670 ","$365,140 ","$446,410 ",2010
10-May,"$327,460 ","$472,370 ","$308,330 ","$838,940 ","$367,390 ","$747,023 ","$740,000 ","$630,000 ","$224,120 ","$368,310 ","$483,800 ",2010
10-Jun,"$313,890 ","$474,520 ","$326,970 ","$840,686 ","$390,322 ","$848,557 ","$793,000 ","$633,000 ","$212,832 ","$366,386 ","$479,630 ",2010
10-Jul,"$318,550 ","$458,180 ","$318,110 ","$822,674 ","$391,666 ","$777,500 ","$816,000 ","$630,000 ","$212,963 ","$370,429 ","$485,310 ",2010
10-Aug,"$320,860 ","$440,480 ","$313,200 ","$794,120 ","$394,230 ","$709,459 ","$780,000 ","$625,000 ","$207,090 ","$378,830 ","$468,310 ",2010
10-Sep,"$309,720 ","$424,770 ","$310,840 ","$797,790 ","$347,830 ","$717,672 ","$685,000 ","$608,000 ","$199,700 ","$369,660 ","$451,400 ",2010
10-Oct,"$305,150 ","$444,670 ","$289,830 ","$757,810 ","$344,740 ","$736,841 ","$675,000 ","$618,500 ","$218,180 ","$351,250 ","$457,970 ",2010
10-Nov,"$296,480 ","$434,420 ","$281,400 ","$861,610 ","$334,620 ","$766,304 ","$696,000 ","$575,000 ","$213,260 ","$349,380 ","$439,790 ",2010
10-Dec,"$304,770 ","$412,210 ","$287,080 ","$753,680 ","$350,000 ","$721,036 ","$699,500 ","$548,000 ","$204,290 ","$344,680 ","$428,840 ",2010
11-Jan,"$279,220 ","$363,750 ","$257,930 ","$657,890 ","$313,890 ","$632,936 ","$575,000 ","$524,000 ","$192,170 ","$338,090 ","$386,390 ",2011
11-Feb,"$271,370 ","$392,660 ","$267,270 ","$632,580 ","$354,760 ","$645,454 ","$591,500 ","$520,000 ","$191,780 ","$315,340 ","$379,250 ",2011
11-Mar,"$286,550 ","$420,420 ","$273,350 ","$826,700 ","$332,610 ","$764,535 ","$666,950 ","$550,250 ","$193,480 ","$325,910 ","$418,980 ",2011
11-Apr,"$294,140 ","$390,960 ","$286,320 ","$726,060 ","$306,820 ","$721,311 ","$700,000 ","$578,000 ","$189,120 ","$332,650 ","$421,770 ",2011
11-May,"$292,850 ","$415,830 ","$283,950 ","$807,140 ","$377,270 ","$701,922 ","$800,000 ","$599,950 ","$191,850 ","$353,750 ","$440,330 ",2011
11-Jun,"$296,410 ","$415,300 ","$299,360 ","$843,080 ","$350,000 ","$742,646 ","$735,000 ","$623,000 ","$189,790 ","$327,430 ","$454,370 ",2011
11-Jul,"$297,660 ","$420,150 ","$292,620 ","$761,030 ","$334,780 ","$739,753 ","$729,900 ","$607,000 ","$190,560 ","$333,490 ","$432,080 ",2011
11-Aug,"$297,060 ","$407,420 ","$294,060 ","$806,550 ","$354,760 ","$698,629 ","$742,000 ","$595,000 ","$197,880 ","$339,200 ","$430,350 ",2011
11-Sep,"$288,700 ","$390,440 ","$282,000 ","$786,580 ","$331,820 ","$654,850 ","$640,000 ","$569,100 ","$188,790 ","$355,670 ","$413,160 ",2011
11-Oct,"$277,450 ","$391,710 ","$275,710 ","$781,250 ","$330,430 ","$739,918 ","$672,000 ","$549,000 ","$191,050 ","$322,600 ","$398,100 ",2011
11-Nov,"$279,910 ","$396,990 ","$279,330 ","$736,410 ","$339,470 ","$696,917 ","$735,000 ","$560,000 ","$190,770 ","$321,290 ","$404,270 ",2011
11-Dec,"$288,950 ","$383,430 ","$275,180 ","$693,880 ","$344,830 ","$656,609 ","$595,000 ","$535,000 ","$190,200 ","$325,260 ","$389,290 ",2011
12-Jan,"$271,490 ","$340,600 ","$258,430 ","$694,440 ","$344,740 ","$649,999 ","$578,500 ","$495,000 ","$184,440 ","$326,920 ","$361,280 ",2012
12-Feb,"$268,810 ","$360,670 ","$252,150 ","$732,140 ","$348,000 ","$665,492 ","$582,500 ","$530,000 ","$179,020 ","$324,710 ","$374,430 ",2012
12-Mar,"$295,630 ","$372,220 ","$283,010 ","$672,620 ","$351,470 ","$701,171 ","$677,900 ","$575,250 ","$194,310 ","$317,650 ","$412,220 ",2012
12-Apr,"$312,500 ","$412,590 ","$317,140 ","$783,850 ","$363,890 ","$782,738 ","$745,000 ","$636,000 ","$191,220 ","$343,750 ","$453,330 ",2012
12-May,"$316,460 ","$430,340 ","$345,180 ","$791,670 ","$343,750 ","$785,714 ","$775,000 ","$643,500 ","$192,980 ","$342,520 ","$472,820 ",2012
12-Jun,"$320,990 ","$459,760 ","$341,100 ","$823,980 ","$357,410 ","$813,559 ","$825,000 ","$695,000 ","$208,020 ","$359,570 ","$496,010 ",2012
12-Jul,"$334,220 ","$473,600 ","$364,020 ","$845,980 ","$419,230 ","$787,791 ","$801,500 ","$690,000 ","$196,110 ","$352,780 ","$503,190 ",2012
12-Aug,"$343,800 ","$466,760 ","$334,080 ","$806,450 ","$385,710 ","$759,615 ","$777,500 ","$666,750 ","$202,240 ","$385,610 ","$488,670 ",2012
12-Sep,"$344,760 ","$454,170 ","$352,260 ","$769,230 ","$381,670 ","$719,339 ","$779,000 ","$650,000 ","$196,980 ","$368,590 ","$481,510 ",2012
12-Oct,"$340,910 ","$460,670 ","$330,370 ","$806,370 ","$426,190 ","$877,155 ","$819,000 ","$688,000 ","$220,560 ","$374,640 ","$510,740 ",2012
12-Nov,"$345,560 ","$467,840 ","$346,370 ","$837,840 ","$378,200 ","$840,277 ","$755,000 ","$679,000 ","$225,400 ","$380,800 ","$511,650 ",2012
12-Dec,"$365,840 ","$463,010 ","$360,110 ","$796,880 ","$360,340 ","$864,795 ","$775,000 ","$681,000 ","$230,830 ","$396,310 ","$513,090 ",2012
13-Jan,"$336,650 ","$466,830 ","$339,340 ","$799,110 ","$411,110 ","$743,643 ","$695,000 ","$652,500 ","$243,520 ","$367,780 ","$473,890 ",2013
13-Feb,"$333,180 ","$451,580 ","$346,670 ","$859,380 ","$468,180 ","$832,031 ","$800,000 ","$710,000 ","$234,520 ","$384,900 ","$496,800 ",2013
13-Mar,"$379,000 ","$523,280 ","$386,410 ","$888,890 ","$430,950 ","$936,110 ","$912,000 ","$730,000 ","$250,000 ","$398,090 ","$560,050 ",2013
13-Apr,"$402,830 ","$573,000 ","$462,720 ","$952,870 ","$453,850 ","$1,011,029 ","$913,500 ","$790,000 ","$255,170 ","$442,100 ","$623,780 ",2013
13-May,"$417,350 ","$593,160 ","$484,640 ","$963,110 ","$488,890 ","$1,009,615 ","$950,000 ","$824,960 ","$265,090 ","$436,520 ","$655,140 ",2013
13-Jun,"$428,700 ","$604,600 ","$491,080 ","$1,000,000 ","$509,620 ","$941,901 ","$1,001,000 ","$809,000 ","$278,920 ","$450,000 ","$657,200 ",2013
13-Jul,"$433,910 ","$614,810 ","$508,720 ","$1,000,000 ","$511,900 ","$884,943 ","$919,000 ","$840,000 ","$279,330 ","$473,640 ","$664,240 ",2013
13-Aug,"$441,010 ","$607,240 ","$482,530 ","$987,740 ","$565,970 ","$954,545 ","$988,440 ","$808,100 ","$295,890 ","$453,790 ","$644,190 ",2013
13-Sep,"$428,290 ","$604,100 ","$454,760 ","$893,140 ","$477,270 ","$941,531 ","$909,000 ","$779,480 ","$286,220 ","$455,850 ","$628,060 ",2013
13-Oct,"$427,540 ","$588,600 ","$446,060 ","$959,740 ","$497,730 ","$933,333 ","$910,000 ","$770,000 ","$294,920 ","$469,900 ","$628,620 ",2013
13-Nov,"$423,090 ","$607,900 ","$457,080 ","$942,070 ","$528,410 ","$974,999 ","$895,000 ","$785,000 ","$280,360 ","$463,820 ","$640,320 ",2013
13-Dec,"$438,790 ","$585,440 ","$451,490 ","$893,750 ","$476,000 ","$951,754 ","$1,000,000 ","$769,900 ","$293,520 ","$464,190 ","$614,590 ",2013
14-Jan,"$412,820 ","$559,110 ","$397,760 ","$905,000 ","$535,000 ","$894,999 ","$955,000 ","$731,000 ","$296,120 ","$460,000 ","$576,040 ",2014
14-Feb,"$406,460 ","$572,630 ","$441,280 ","$967,500 ","$472,000 ","$1,062,500 ","$970,000 ","$805,000 ","$288,300 ","$445,000 ","$617,230 ",2014
14-Mar,"$437,100 ","$623,110 ","$464,350 ","$975,000 ","$536,750 ","$974,490 ","$1,170,500 ","$865,000 ","$312,350 ","$480,000 ","$667,860 ",2014
14-Apr,"$448,720 ","$656,140 ","$494,280 ","$987,000 ","$531,950 ","$1,132,810 ","$1,001,000 ","$900,500 ","$315,150 ","$460,000 ","$705,620 ",2014
14-May,"$465,470 ","$680,020 ","$519,670 ","$1,047,500 ","$587,500 ","$1,120,000 ","$1,140,000 ","$878,080 ","$310,000 ","$490,000 ","$707,270 ",2014
14-Jun,"$457,700 ","$695,210 ","$510,990 ","$1,050,000 ","$529,000 ","$1,206,900 ","$1,150,000 ","$902,500 ","$310,000 ","$495,000 ","$714,270 ",2014
14-Jul,"$464,750 ","$688,870 ","$546,580 ","$1,058,000 ","$599,000 ","$1,094,594 ","$1,117,500 ","$860,750 ","$335,000 ","$500,000 ","$708,140 ",2014
14-Aug,"$481,250 ","$691,500 ","$538,510 ","$952,500 ","$525,000 ","$979,510 ","$1,000,000 ","$865,000 ","$320,000 ","$475,000 ","$694,320 ",2014
14-Sep,"$462,380 ","$652,610 ","$499,220 ","$1,181,500 ","$601,139 ","$1,066,860 ","$1,075,000 ","$850,000 ","$320,000 ","$496,000 ","$683,170 ",2014
14-Oct,"$450,460 ","$659,660 ","$490,480 ","$980,000 ","$539,000 ","$1,200,760 ","$1,071,000 ","$870,000 ","$320,000 ","$490,000 ","$698,370 ",2014
14-Nov,"$444,630 ","$670,320 ","$457,630 ","$1,075,000 ","$619,500 ","$1,163,790 ","$1,092,500 ","$850,000 ","$322,200 ","$475,000 ","$691,520 ",2014
14-Dec,"$453,270 ","$645,680 ","$483,330 ","$980,000 ","$497,500 ","$1,058,820 ","$980,000 ","$846,500 ","$320,000 ","$515,000 ","$660,200 ",2014
15-Jan,"$428,980 ","$610,130 ","$442,440 ","$957,000 ","$495,000 ","$986,610 ","$1,012,500 ","$815,000 ","$315,000 ","$474,500 ","$610,180 ",2015
15-Feb,"$429,930 ","$651,950 ","$476,340 ","$1,000,000 ","$480,000 ","$1,154,760 ","$1,200,000 ","$915,130 ","$330,000 ","$488,250 ","$669,800 ",2015
15-Mar,"$464,640 ","$713,060 ","$491,780 ","$1,142,500 ","$554,750 ","$1,275,000 ","$1,300,000 ","$932,100 ","$350,000 ","$500,500 ","$730,650 ",2015
15-Apr,"$484,370 ","$742,340 ","$553,030 ","$1,100,000 ","$635,000 ","$1,348,480 ","$1,280,000 ","$960,000 ","$339,000 ","$535,000 ","$770,290 ",2015
15-May,"$489,190 ","$763,740 ","$557,060 ","$1,150,000 ","$582,500 ","$1,375,000 ","$1,330,000 ","$993,000 ","$355,000 ","$540,000 ","$772,560 ",2015
15-Jun,"$492,250 ","$750,000 ","$555,000 ","$1,105,000 ","$609,000 ","$1,308,500 ","$1,300,000 ","$990,000 ","$353,000 ","$545,000 ","$748,340 ",2015
15-Jul,"$490,780 ","$765,000 ","$550,000 ","$1,049,000 ","$630,000 ","$1,284,440 ","$1,300,440 ","$965,000 ","$350,000 ","$543,500 ","$774,400 ",2015
15-Aug,"$497,520 ","$735,000 ","$560,000 ","$1,077,500 ","$590,000 ","$1,225,440 ","$1,234,000 ","$973,000 ","$360,000 ","$549,000 ","$748,680 ",2015
15-Sep,"$484,670 ","$731,000 ","$525,000 ","$1,050,000 ","$617,500 ","$1,189,000 ","$1,200,000 ","$955,000 ","$350,000 ","$541,500 ","$734,330 ",2015
15-Oct,"$478,780 ","$710,000 ","$505,000 ","$1,200,000 ","$655,000 ","$1,295,000 ","$1,188,940 ","$951,000 ","$342,500 ","$529,750 ","$732,070 ",2015
15-Nov,"$477,060 ","$730,000 ","$550,000 ","$1,200,000 ","$689,400 ","$1,300,000 ","$1,195,000 ","$965,000 ","$355,000 ","$527,000 ","$745,440 ",2015
15-Dec,"$489,770 ","$731,500 ","$500,000 ","$1,100,000 ","$595,500 ","$1,204,000 ","$1,194,000 ","$920,000 ","$349,450 ","$549,000 ","$729,690 ",2015
16-Jan,"$467,160 ","$700,000 ","$500,000 ","$952,500 ","$584,500 ","$1,160,000 ","$1,077,500 ","$895,000 ","$354,000 ","$550,000 ","$690,000 ",2016
16-Feb,"$444,780 ","$715,000 ","$529,000 ","$1,141,400 ","$650,000 ","$1,410,000 ","$1,200,000 ","$942,500 ","$361,500 ","$540,000 ","$698,950 ",2016
16-Mar,"$484,120 ","$758,000 ","$548,780 ","$1,187,500 ","$650,000 ","$1,355,000 ","$1,205,000 ","$1,065,000 ","$370,000 ","$560,000 ","$761,090 ",2016
16-Apr,"$509,240 ","$800,000 ","$565,000 ","$1,200,000 ","$629,980 ","$1,400,000 ","$1,312,500 ","$1,085,000 ","$380,000 ","$569,000 ","$831,180 ",2016
16-May,"$519,930 ","$828,000 ","$595,000 ","$1,237,500 ","$645,770 ","$1,360,000 ","$1,392,500 ","$1,100,000 ","$385,500 ","$580,000 ","$848,580 ",2016
16-Jun,"$518,980 ","$803,000 ","$625,000 ","$1,218,500 ","$619,000 ","$1,350,000 ","$1,306,250 ","$1,050,000 ","$390,000 ","$608,000 ","$841,960 ",2016
16-Jul,"$511,420 ","$800,000 ","$625,000 ","$1,150,000 ","$634,380 ","$1,362,500 ","$1,350,000 ","$1,045,000 ","$381,000 ","$572,500 ","$810,510 ",2016
16-Aug,"$527,490 ","$775,000 ","$570,000 ","$1,200,000 ","$625,000 ","$1,257,500 ","$1,250,000 ","$975,000 ","$410,000 ","$585,000 ","$777,160 ",2016
16-Sep,"$516,450 ","$760,000 ","$549,900 ","$1,165,000 ","$650,000 ","$1,218,750 ","$1,290,000 ","$1,000,000 ","$389,500 ","$590,000 ","$770,150 ",2016
16-Oct,"$513,520 ","$775,000 ","$535,650 ","$1,225,000 ","$618,250 ","$1,407,500 ","$1,350,000 ","$1,047,500 ","$392,500 ","$595,000 ","$803,190 ",2016
16-Nov,"$502,490 ","$800,000 ","$569,000 ","$1,050,000 ","$637,500 ","$1,360,500 ","$1,216,750 ","$1,010,000 ","$380,000 ","$578,000 ","$809,150 ",2016
16-Dec,"$510,560 ","$755,000 ","$550,000 ","$1,118,700 ","$605,000 ","$1,315,210 ","$1,332,500 ","$965,000 ","$405,000 ","$585,000 ","$775,820 ",2016
17-Jan,"$491,840 ","$755,000 ","$540,000 ","$1,150,000 ","$662,500 ","$1,250,000 ","$1,150,000 ","$927,500 ","$387,400 ","$579,500 ","$730,200 ",2017
17-Feb,"$480,270 ","$786,000 ","$554,250 ","$1,174,500 ","$660,000 ","$1,276,000 ","$1,352,000 ","$1,100,000 ","$382,500 ","$598,640 ","$784,470 ",2017
17-Mar,"$518,600 ","$833,750 ","$585,000 ","$1,250,000 ","$675,000 ","$1,350,000 ","$1,350,000 ","$1,130,000 ","$400,000 ","$635,000 ","$830,000 ",2017
17-Apr,"$537,950 ","$875,000 ","$653,694 ","$1,325,000 ","$685,000 ","$1,402,500 ","$1,500,000 ","$1,160,000 ","$400,000 ","$608,000 ","$885,000 ",2017
17-May,"$550,239 ","$862,000 ","$653,000 ","$1,315,000 ","$673,250 ","$1,501,680 ","$1,480,000 ","$1,200,000 ","$415,000 ","$625,000 ","$899,730 ",2017
17-Jun,"$555,410 ","$900,000 ","$660,000 ","$1,272,500 ","$685,000 ","$1,469,000 ","$1,433,750 ","$1,182,500 ","$420,000 ","$627,250 ","$908,740 ",2017
17-Jul,"$549,460 ","$875,500 ","$633,250 ","$1,224,000 ","$695,000 ","$1,428,000 ","$1,500,000 ","$1,165,000 ","$420,000 ","$645,000 ","$898,880 ",2017
17-Aug,"$565,330 ","$867,500 ","$627,860 ","$1,207,120 ","$654,000 ","$1,380,000 ","$1,375,000 ","$1,150,000 ","$410,000 ","$625,500 ","$856,200 ",2017
17-Sep,"$555,410 ","$853,000 ","$605,000 ","$1,250,000 ","$632,500 ","$1,350,000 ","$1,400,500 ","$1,180,000 ","$422,500 ","$620,000 ","$813,520 ",2017
17-Oct,"$546,430 ","$862,450 ","$615,000 ","$1,252,500 ","$649,000 ","$1,594,000 ","$1,522,500 ","$1,242,500 ","$415,000 ","$645,000 ","$892,720 ",2017
17-Nov,"$546,820 ","$880,000 ","$615,000 ","$1,230,000 ","$682,000 ","$1,500,000 ","$1,486,000 ","$1,282,500 ","$410,000 ","$655,000 ","$910,350 ",2017
17-Dec,"$549,560 ","$862,000 ","$600,000 ","$1,268,900 ","$688,000 ","$1,475,000 ","$1,500,000 ","$1,300,000 ","$416,000 ","$670,000 ","$885,030 ",2017
18-Jan,"$527,780 ","$840,000 ","$555,000 ","$1,317,500 ","$662,000 ","$1,330,000 ","$1,437,500 ","$1,170,000 ","$425,000 ","$670,000 ","$809,900 ",2018
18-Feb,"$522,440 ","$832,000 ","$610,000 ","$1,371,000 ","$713,500 ","$1,730,000 ","$1,610,000 ","$1,383,500 ","$430,000 ","$689,000 ","$875,000 ",2018
18-Mar,"$564,830 ","$955,000 ","$655,000 ","$1,392,500 ","$675,000 ","$1,680,000 ","$1,615,000 ","$1,454,500 ","$445,000 ","$685,000 ","$980,000 ",2018
18-Apr,"$584,460 ","$969,300 ","$689,660 ","$1,385,000 ","$682,500 ","$1,650,000 ","$1,770,000 ","$1,425,000 ","$447,500 ","$685,000 ","$1,010,000 ",2018
18-May,"$600,860 ","$1,025,000 ","$687,500 ","$1,415,000 ","$702,500 ","$1,620,000 ","$1,600,000 ","$1,400,000 ","$451,000 ","$698,500 ","$1,090,000 ",2018
